Number image:;Absolut dir image:;Relative dir image:
1;d:/captures/image_pig_dir/000001.jpg;d:/captures/image_pig_dir/000001.jpg
2;d:/captures/image_pig_dir/000002.jpg;d:/captures/image_pig_dir/000002.jpg
3;d:/captures/image_pig_dir/000003.jpg;d:/captures/image_pig_dir/000003.jpg
4;d:/captures/image_pig_dir/000004.jpg;d:/captures/image_pig_dir/000004.jpg
5;d:/captures/image_pig_dir/000005.jpg;d:/captures/image_pig_dir/000005.jpg
6;d:/captures/image_pig_dir/000006.jpg;d:/captures/image_pig_dir/000006.jpg
7;d:/captures/image_pig_dir/000007.jpg;d:/captures/image_pig_dir/000007.jpg
8;d:/captures/image_pig_dir/000008.jpg;d:/captures/image_pig_dir/000008.jpg
9;d:/captures/image_pig_dir/000009.jpg;d:/captures/image_pig_dir/000009.jpg
10;d:/captures/image_pig_dir/000010.jpg;d:/captures/image_pig_dir/000010.jpg
11;d:/captures/image_pig_dir/000011.png;d:/captures/image_pig_dir/000011.png
12;d:/captures/image_pig_dir/000012.jpg;d:/captures/image_pig_dir/000012.jpg
13;d:/captures/image_pig_dir/000013.png;d:/captures/image_pig_dir/000013.png
14;d:/captures/image_pig_dir/000014.jpg;d:/captures/image_pig_dir/000014.jpg
15;d:/captures/image_pig_dir/000015.jpg;d:/captures/image_pig_dir/000015.jpg
16;d:/captures/image_pig_dir/000016.jpg;d:/captures/image_pig_dir/000016.jpg
17;d:/captures/image_pig_dir/000017.jpg;d:/captures/image_pig_dir/000017.jpg
18;d:/captures/image_pig_dir/000018.jpg;d:/captures/image_pig_dir/000018.jpg
19;d:/captures/image_pig_dir/000019.jpg;d:/captures/image_pig_dir/000019.jpg
20;d:/captures/image_pig_dir/000020.jpg;d:/captures/image_pig_dir/000020.jpg
21;d:/captures/image_pig_dir/000021.jpg;d:/captures/image_pig_dir/000021.jpg
22;d:/captures/image_pig_dir/000022.jpg;d:/captures/image_pig_dir/000022.jpg
23;d:/captures/image_pig_dir/000023.jpg;d:/captures/image_pig_dir/000023.jpg
24;d:/captures/image_pig_dir/000024.jpg;d:/captures/image_pig_dir/000024.jpg
25;d:/captures/image_pig_dir/000025.jpg;d:/captures/image_pig_dir/000025.jpg
26;d:/captures/image_pig_dir/000026.png;d:/captures/image_pig_dir/000026.png
27;d:/captures/image_pig_dir/000027.jpg;d:/captures/image_pig_dir/000027.jpg
28;d:/captures/image_pig_dir/000028.png;d:/captures/image_pig_dir/000028.png
29;d:/captures/image_pig_dir/000029.jpg;d:/captures/image_pig_dir/000029.jpg
30;d:/captures/image_pig_dir/000030.jpg;d:/captures/image_pig_dir/000030.jpg
31;d:/captures/image_pig_dir/000031.jpg;d:/captures/image_pig_dir/000031.jpg
32;d:/captures/image_pig_dir/000032.jpg;d:/captures/image_pig_dir/000032.jpg
33;d:/captures/image_pig_dir/000033.jpg;d:/captures/image_pig_dir/000033.jpg
34;d:/captures/image_pig_dir/000034.png;d:/captures/image_pig_dir/000034.png
35;d:/captures/image_pig_dir/000035.jpg;d:/captures/image_pig_dir/000035.jpg
36;d:/captures/image_pig_dir/000036.jpg;d:/captures/image_pig_dir/000036.jpg
37;d:/captures/image_pig_dir/000037.jpg;d:/captures/image_pig_dir/000037.jpg
38;d:/captures/image_pig_dir/000038.jpg;d:/captures/image_pig_dir/000038.jpg
39;d:/captures/image_pig_dir/000039.jpg;d:/captures/image_pig_dir/000039.jpg
